Event Name,Organizer,Event Website,Dates,Month,Category,City,Country,Event Overview,Expected Audience,Organizer Contact Details
"SEO Alternative Investments Conference (AICON) 2026","Sponsors for Educational Opportunity (SEO) – SEO London","https://www.seo-london.org/aicon-london","February 4, 2026","February","Alternative Investments (Diversity)","London","UK","Annual conference designed for professionals across the alternative investments chain, featuring industry leaders and networking opportunities:contentReference[oaicite:0]{index=0}. Promises to be the largest edition yet, covering private equity, private credit, infrastructure, real estate and more","~300+ attendees (LPs, GPs and other alt-investment professionals, minimum 2+ years experience):contentReference[oaicite:1]{index=1}:contentReference[oaicite:2]{index=2}","Email: aicon@seo-london.org"
"SEO Alternative Investments Conference (AICON) 2026 – USA","Sponsors for Educational Opportunity (SEO) – SEO USA","https://www.seo-usa.org/ai/2026-conference/","March 12, 2026","March","Alternative Investments (Diversity)","New York City","USA","Flagship annual gathering increasing access and career development in alternatives:contentReference[oaicite:3]{index=3}. Features 80+ speakers, 150+ one-on-one LP/GP meetings, covering PE, hedge funds, VC, real estate, etc:contentReference[oaicite:4]{index=4}:contentReference[oaicite:5]{index=5}","~790 attendees (2025) including top LPs & GPs; broad alt-investment professionals at all levels:contentReference[oaicite:6]{index=6}","Email: AICON@seo-usa.org"
"ALTSLA 2026 (West Coast Alternative Investment Conference)","Markets Group (co-hosted by CFA Society LA, CAIA, CalALTs)","https://www.marketsgroup.org/forums/altsla","March 23–25, 2026","March","Alternative Investments","Los Angeles","USA","The premier annual West Coast alternatives conference, designed for family offices, pension funds, endowments, foundations, wealth managers and other institutional investors:contentReference[oaicite:7]{index=7}. Provides education across hedge funds, private debt, private equity, liquid alts and more, with panels, keynotes and roundtables:contentReference[oaicite:8]{index=8}","1000+ attendees (investors and managers across alternative asset classes):contentReference[oaicite:9]{index=9}:contentReference[oaicite:10]{index=10}","Email: IR@marketsgroup.org; Tel: +1 212-804-6250"
"SuperReturn US West 2026","Informa Connect – SuperReturn Series","https://informaconnect.com/superreturn-uswest/","September 2026 (exact dates TBA)","September","Private Equity & Venture Capital","Los Angeles","USA","Leading LP/GP networking conference on the US West Coast, covering fundraising, venture capital, private credit, and more:contentReference[oaicite:11]{index=11}. Brings together hundreds of private market leaders to explore market trends and deals","~300+ attendees (including 100+ LPs, 150+ GPs) typically; extensive LP–GP meetings (5,000+ meetings at 2025 event):contentReference[oaicite:12]{index=12}:contentReference[oaicite:13]{index=13}","Email: grace.staley@informa.com"
"Milken Institute Global Conference 2026","Milken Institute","https://milkeninstitute.org/events/global-conference-2026","May 3–6, 2026","May","Global Finance & Policy","Los Angeles","USA","Milken’s flagship gathering of world leaders, investors and innovators to address pressing global issues and explore market and policy solutions:contentReference[oaicite:14]{index=14}. A four-day, premier event featuring high-profile speakers and panels on finance, health, technology, philanthropy and economic trends","~3,500+ delegates (thought leaders across finance, government, philanthropy, academia):contentReference[oaicite:15]{index=15}:contentReference[oaicite:16]{index=16}","Email: inquiries@milkeninstitute.org; Tel: +1 310-570-4600"
"U.S. Private Credit Industry Conference on Direct Lending 2026","DealCatalyst (in partnership with LSTA)","https://www.dealcatalyst.io/events/the-us-private-credit-industry-conference-on-direct-lending","April 16–17, 2026","April","Private Credit / Direct Lending","Nashville","USA","5th annual conference focused on direct lending and middle-market finance:contentReference[oaicite:17]{index=17}. Covers fundraising strategies, innovative financing (NAV loans, subscription lines) and regulatory developments, with networking among fund managers, BDCs and their financing partners:contentReference[oaicite:18]{index=18}","Attended by direct lending fund managers, BDC executives, institutional allocators and service providers (approx. few hundred attendees)","Email: events@dealcatalyst.io; Tel: +1 646-631-3669"
"SuperReturn Private Credit Europe 2026","Informa Connect – SuperReturn","https://informaconnect.com/superreturn-private-credit-europe/","March 9–11, 2026","March","Private Credit / Private Debt","London","UK","Europe’s leading private credit conference connecting the entire European private debt community:contentReference[oaicite:19]{index=19}:contentReference[oaicite:20]{index=20}. Features expert insights on direct lending, credit secondaries, real estate debt, niche finance, ESG and more, plus 1:1 networking for LPs and GPs","600+ senior private credit professionals expected (including ~200 LPs & 300 GPs):contentReference[oaicite:21]{index=21}:contentReference[oaicite:22]{index=22}","Tel: +44 20 8052 0423 (Informa Connect UK office)"
"LPGP Connect Private Debt Europe 2026 (12th Annual)","LPGP Connect","https://www.lpgpconnect.com","September 2026 (TBA)","September","Private Credit / Private Debt","London","UK","Annual forum bringing together LPs and GPs from the global private credit market to discuss latest market developments and opportunities:contentReference[oaicite:23]{index=23}. Agenda covers how the market is maturing and where the best opportunities lie in private debt today and beyond:contentReference[oaicite:24]{index=24}","~250–300 attendees (global private debt fund managers and institutional investors)","Email: info@lpgpconnect.com"
"LPGP Connect Private Debt European Summit 2026 (10th Annual)","LPGP Connect","N/A (Opal Group’s European Private Credit Summit)","October 2026 (TBA)","October","Private Credit / Direct Lending","London","UK","Pan-European private credit & direct lending summit, featuring a full day of panels and networking:contentReference[oaicite:25]{index=25}. Focuses on European mid-market lending, asset-based finance (ABF) and direct lending trends in the region","~200–300 delegates (European private credit fund managers, institutional investors, advisors and service providers)","Email: info@opalgroup.net; Tel: +1 212-532-9898"
"Impact Investor Global Summit 2026","PEI Media – New Private Markets","https://www.peievents.com/en/event/impact-investor-global-summit/","May 19–20, 2026","May","Impact Investing","London","UK","World’s leading conference on mobilizing private capital for social and environmental impact:contentReference[oaicite:26]{index=26}. Explores how private markets investors are funding a sustainable, equitable future and showcases investable impact opportunities","700+ impact investing leaders expected (incl. 250+ institutional allocators such as pensions, endowments, foundations):contentReference[oaicite:27]{index=27}:contentReference[oaicite:28]{index=28}","Email: boris.p@pei.group; Tel: +44 20 4548 4494"
"PERE Europe Forum 2026","PEI Media – PERE Network","https://www.peievents.com/en/event/pere-europe/","June 2026 (TBA)","June","Private Real Estate","London","UK","Europe’s flagship private real estate meeting, connecting 200+ of the region’s top institutional investors, fund managers, developers and advisors:contentReference[oaicite:29]{index=29}. Sessions cover the outlook for European real estate across strategies and geographies as the market enters a new cycle:contentReference[oaicite:30]{index=30}","~200+ attendees (including 80+ European LPs such as pensions and insurers):contentReference[oaicite:31]{index=31}:contentReference[oaicite:32]{index=32}","Email: events@pei.group (Contact PEI Events)"
"SALT iConnections New York 2026","SkyBridge Capital – SALT","https://salt.org","May 2026 (TBA)","May","Alternative Investments","New York City","USA","Major annual gathering for the alternative investment community, featuring premier content from high-profile speakers in finance, technology and public policy:contentReference[oaicite:33]{index=33}:contentReference[oaicite:34]{index=34}. Emphasizes capital introductions and thought leadership to connect asset managers with top allocators","~1,000+ alternative investment industry leaders (hedge fund, PE, VC managers, institutional investors, innovators)","Contact via website (salt.org contact form)"
"Pension Bridge Private Equity Exclusive 2026","With Intelligence – Pension Bridge","https://events.withintelligence.com/pb-private-equity-exclusive-2026","July 13–15, 2026","July","Private Equity","Chicago","USA","An exclusive three-day private equity conference uniting top PE LPs and GPs for in-depth discussions, networking and deal-making:contentReference[oaicite:35]{index=35}. Covers how the PE market is evolving, with panels and one-on-one meetings in an optimized environment for allocators and managers","~300 delegates (leading asset allocators and fund managers in private equity):contentReference[oaicite:36]{index=36}:contentReference[oaicite:37]{index=37}","Email: info@withintelligence.com"
"Apex Invest Global Series 2026","Apex Group","N/A (see apexinvest.io)","Late 2026 (TBA)","TBA","Alternative Investments","TBA","(varies)","Annual flagship investor–manager meeting forum featuring one-on-one meeting formats:contentReference[oaicite:38]{index=38}. Aims to elevate networking by pre-matching fund managers and allocators to ensure highly targeted, valuable interactions","2,000+ participants (recent Apex Invest events have hosted 2,000+ alt investment managers, allocators & service providers):contentReference[oaicite:39]{index=39}","Contact via Apex Invest portal (apexinvest.io)"
